{"cameraMode":{"drawMode":0,"name":"Shaded","section":"Shading Mode"},"sceneLighting":false,"audioPlay":false,"sceneViewState":{"showFog":true,"showMaterialUpdate":false,"showSkybox":false,"showFlares":true,"showImageEffects":true,"showParticleSystems":true},"in2DMode":false,"pivot":{"x":4.927854537963867,"y":10.248678207397461,"z":5.893898010253906},"rotation":{"x":0.07148180902004242,"y":0.8203134536743164,"z":-0.10516044497489929,"w":0.5576009154319763},"size":3.2352893352508547,"orthographic":false}