{"cameraMode":{"drawMode":0,"name":"Shaded","section":"Shading Mode"},"sceneLighting":false,"audioPlay":false,"sceneViewState":{"showFog":true,"showMaterialUpdate":false,"showSkybox":false,"showFlares":true,"showImageEffects":true,"showParticleSystems":true},"in2DMode":false,"pivot":{"x":-0.6591119766235352,"y":2.1224241256713869,"z":-4.991077423095703},"rotation":{"x":-0.11595691740512848,"y":0.8726819753646851,"z":-0.25170856714248659,"w":-0.40202632546424868},"size":3.6000170707702638,"orthographic":false}